index,name,node_id
14,"Member_14",14
1,"Member_1",1
33,"Member_33",33
28,"Member_28",28
19,"Member_19",19
9,"Member_9",9
32,"Member_32",32
18,"Member_18",18
0,"Member_0",0
7,"Member_7",7
25,"Member_25",25
4,"Member_4",4
6,"Member_6",6
17,"Member_17",17
29,"Member_29",29
2,"Member_2",2
8,"Member_8",8
23,"Member_23",23
13,"Member_13",13
11,"Member_11",11
26,"Member_26",26
5,"Member_5",5
16,"Member_16",16
15,"Member_15",15
24,"Member_24",24
3,"Member_3",3
22,"Member_22",22
27,"Member_27",27
31,"Member_31",31
20,"Member_20",20
12,"Member_12",12
10,"Member_10",10
21,"Member_21",21
30,"Member_30",30